name,playcount,listeners,url,streamable,image
The Weeknd,1073754255,5174418,https://www.last.fm/music/The+Weeknd,0,"[{'#text': 'https://lastfm.freetls.fastly.net/i/u/34s/2a96cbd8b46e442fc41c2b86b821562f.png', 'size': 'small'}, {'#text': 'https://lastfm.freetls.fastly.net/i/u/64s/2a96cbd8b46e442fc41c2b86b821562f.png', 'size': 'medium'}, {'#text': 'https://lastfm.freetls.fastly.net/i/u/174s/2a96cbd8b46e442fc41c2b86b821562f.png', 'size': 'large'}, {'#text': 'https://lastfm.freetls.fastly.net/i/u/300x300/2a96cbd8b46e442fc41c2b86b821562f.png', 'size': 'extralarge'}, {'#text': 'https://lastfm.freetls.fastly.net/i/u/300x300/2a96cbd8b46e442fc41c2b86b821562f.png', 'size': 'mega'}]"
Radiohead,1323619379,8081227,https://www.last.fm/music/Radiohead,0,"[{'#text': 'https://lastfm.freetls.fastly.net/i/u/34s/2a96cbd8b46e442fc41c2b86b821562f.png', 'size': 'small'}, {'#text': 'https://lastfm.freetls.fastly.net/i/u/64s/2a96cbd8b46e442fc41c2b86b821562f.png', 'size': 'medium'}, {'#text': 'https://lastfm.freetls.fastly.net/i/u/174s/2a96cbd8b46e442fc41c2b86b821562f.png', 'size': 'large'}, {'#text': 'https://lastfm.freetls.fastly.net/i/u/300x300/2a96cbd8b46e442fc41c2b86b821562f.png', 'size': 'extralarge'}, {'#text': 'https://lastfm.freetls.fastly.net/i/u/300x300/2a96cbd8b46e442fc41c2b86b821562f.png', 'size': 'mega'}]"
Kendrick Lamar,993123109,4963552,https://www.last.fm/music/Kendrick+Lamar,0,"[{'#text': 'https://lastfm.freetls.fastly.net/i/u/34s/2a96cbd8b46e442fc41c2b86b821562f.png', 'size': 'small'}, {'#text': 'https://lastfm.freetls.fastly.net/i/u/64s/2a96cbd8b46e442fc41c2b86b821562f.png', 'size': 'medium'}, {'#text': 'https://lastfm.freetls.fastly.net/i/u/174s/2a96cbd8b46e442fc41c2b86b821562f.png', 'size': 'large'}, {'#text': 'https://lastfm.freetls.fastly.net/i/u/300x300/2a96cbd8b46e442fc41c2b86b821562f.png', 'size': 'extralarge'}, {'#text': 'https://lastfm.freetls.fastly.net/i/u/300x300/2a96cbd8b46e442fc41c2b86b821562f.png', 'size': 'mega'}]"
Taylor Swift,3553929435,5807031,https://www.last.fm/music/Taylor+Swift,0,"[{'#text': 'https://lastfm.freetls.fastly.net/i/u/34s/2a96cbd8b46e442fc41c2b86b821562f.png', 'size': 'small'}, {'#text': 'https://lastfm.freetls.fastly.net/i/u/64s/2a96cbd8b46e442fc41c2b86b821562f.png', 'size': 'medium'}, {'#text': 'https://lastfm.freetls.fastly.net/i/u/174s/2a96cbd8b46e442fc41c2b86b821562f.png', 'size': 'large'}, {'#text': 'https://lastfm.freetls.fastly.net/i/u/300x300/2a96cbd8b46e442fc41c2b86b821562f.png', 'size': 'extralarge'}, {'#text': 'https://lastfm.freetls.fastly.net/i/u/300x300/2a96cbd8b46e442fc41c2b86b821562f.png', 'size': 'mega'}]"
Drake,1102192707,6590708,https://www.last.fm/music/Drake,0,"[{'#text': 'https://lastfm.freetls.fastly.net/i/u/34s/2a96cbd8b46e442fc41c2b86b821562f.png', 'size': 'small'}, {'#text': 'https://lastfm.freetls.fastly.net/i/u/64s/2a96cbd8b46e442fc41c2b86b821562f.png', 'size': 'medium'}, {'#text': 'https://lastfm.freetls.fastly.net/i/u/174s/2a96cbd8b46e442fc41c2b86b821562f.png', 'size': 'large'}, {'#text': 'https://lastfm.freetls.fastly.net/i/u/300x300/2a96cbd8b46e442fc41c2b86b821562f.png', 'size': 'extralarge'}, {'#text': 'https://lastfm.freetls.fastly.net/i/u/300x300/2a96cbd8b46e442fc41c2b86b821562f.png', 'size': 'mega'}]"
Ariana Grande,1055233318,4353302,https://www.last.fm/music/Ariana+Grande,0,"[{'#text': 'https://lastfm.freetls.fastly.net/i/u/34s/2a96cbd8b46e442fc41c2b86b821562f.png', 'size': 'small'}, {'#text': 'https://lastfm.freetls.fastly.net/i/u/64s/2a96cbd8b46e442fc41c2b86b821562f.png', 'size': 'medium'}, {'#text': 'https://lastfm.freetls.fastly.net/i/u/174s/2a96cbd8b46e442fc41c2b86b821562f.png', 'size': 'large'}, {'#text': 'https://lastfm.freetls.fastly.net/i/u/300x300/2a96cbd8b46e442fc41c2b86b821562f.png', 'size': 'extralarge'}, {'#text': 'https://lastfm.freetls.fastly.net/i/u/300x300/2a96cbd8b46e442fc41c2b86b821562f.png', 'size': 'mega'}]"
A$AP Rocky,339305183,3318417,https://www.last.fm/music/A$AP+Rocky,0,"[{'#text': 'https://lastfm.freetls.fastly.net/i/u/34s/2a96cbd8b46e442fc41c2b86b821562f.png', 'size': 'small'}, {'#text': 'https://lastfm.freetls.fastly.net/i/u/64s/2a96cbd8b46e442fc41c2b86b821562f.png', 'size': 'medium'}, {'#text': 'https://lastfm.freetls.fastly.net/i/u/174s/2a96cbd8b46e442fc41c2b86b821562f.png', 'size': 'large'}, {'#text': 'https://lastfm.freetls.fastly.net/i/u/300x300/2a96cbd8b46e442fc41c2b86b821562f.png', 'size': 'extralarge'}, {'#text': 'https://lastfm.freetls.fastly.net/i/u/300x300/2a96cbd8b46e442fc41c2b86b821562f.png', 'size': 'mega'}]"
Kanye West,1465134646,7806402,https://www.last.fm/music/Kanye+West,0,"[{'#text': 'https://lastfm.freetls.fastly.net/i/u/34s/2a96cbd8b46e442fc41c2b86b821562f.png', 'size': 'small'}, {'#text': 'https://lastfm.freetls.fastly.net/i/u/64s/2a96cbd8b46e442fc41c2b86b821562f.png', 'size': 'medium'}, {'#text': 'https://lastfm.freetls.fastly.net/i/u/174s/2a96cbd8b46e442fc41c2b86b821562f.png', 'size': 'large'}, {'#text': 'https://lastfm.freetls.fastly.net/i/u/300x300/2a96cbd8b46e442fc41c2b86b821562f.png', 'size': 'extralarge'}, {'#text': 'https://lastfm.freetls.fastly.net/i/u/300x300/2a96cbd8b46e442fc41c2b86b821562f.png', 'size': 'mega'}]"
Rihanna,574364787,8135051,https://www.last.fm/music/Rihanna,0,"[{'#text': 'https://lastfm.freetls.fastly.net/i/u/34s/2a96cbd8b46e442fc41c2b86b821562f.png', 'size': 'small'}, {'#text': 'https://lastfm.freetls.fastly.net/i/u/64s/2a96cbd8b46e442fc41c2b86b821562f.png', 'size': 'medium'}, {'#text': 'https://lastfm.freetls.fastly.net/i/u/174s/2a96cbd8b46e442fc41c2b86b821562f.png', 'size': 'large'}, {'#text': 'https://lastfm.freetls.fastly.net/i/u/300x300/2a96cbd8b46e442fc41c2b86b821562f.png', 'size': 'extralarge'}, {'#text': 'https://lastfm.freetls.fastly.net/i/u/300x300/2a96cbd8b46e442fc41c2b86b821562f.png', 'size': 'mega'}]"
Lady Gaga,995079365,7564582,https://www.last.fm/music/Lady+Gaga,0,"[{'#text': 'https://lastfm.freetls.fastly.net/i/u/34s/2a96cbd8b46e442fc41c2b86b821562f.png', 'size': 'small'}, {'#text': 'https://lastfm.freetls.fastly.net/i/u/64s/2a96cbd8b46e442fc41c2b86b821562f.png', 'size': 'medium'}, {'#text': 'https://lastfm.freetls.fastly.net/i/u/174s/2a96cbd8b46e442fc41c2b86b821562f.png', 'size': 'large'}, {'#text': 'https://lastfm.freetls.fastly.net/i/u/300x300/2a96cbd8b46e442fc41c2b86b821562f.png', 'size': 'extralarge'}, {'#text': 'https://lastfm.freetls.fastly.net/i/u/300x300/2a96cbd8b46e442fc41c2b86b821562f.png', 'size': 'mega'}]"
"Tyler, The Creator",1008598601,4202759,"https://www.last.fm/music/Tyler,+The+Creator",0,"[{'#text': 'https://lastfm.freetls.fastly.net/i/u/34s/2a96cbd8b46e442fc41c2b86b821562f.png', 'size': 'small'}, {'#text': 'https://lastfm.freetls.fastly.net/i/u/64s/2a96cbd8b46e442fc41c2b86b821562f.png', 'size': 'medium'}, {'#text': 'https://lastfm.freetls.fastly.net/i/u/174s/2a96cbd8b46e442fc41c2b86b821562f.png', 'size': 'large'}, {'#text': 'https://lastfm.freetls.fastly.net/i/u/300x300/2a96cbd8b46e442fc41c2b86b821562f.png', 'size': 'extralarge'}, {'#text': 'https://lastfm.freetls.fastly.net/i/u/300x300/2a96cbd8b46e442fc41c2b86b821562f.png', 'size': 'mega'}]"
Charli xcx,673497217,3646053,https://www.last.fm/music/Charli+xcx,0,"[{'#text': 'https://lastfm.freetls.fastly.net/i/u/34s/2a96cbd8b46e442fc41c2b86b821562f.png', 'size': 'small'}, {'#text': 'https://lastfm.freetls.fastly.net/i/u/64s/2a96cbd8b46e442fc41c2b86b821562f.png', 'size': 'medium'}, {'#text': 'https://lastfm.freetls.fastly.net/i/u/174s/2a96cbd8b46e442fc41c2b86b821562f.png', 'size': 'large'}, {'#text': 'https://lastfm.freetls.fastly.net/i/u/300x300/2a96cbd8b46e442fc41c2b86b821562f.png', 'size': 'extralarge'}, {'#text': 'https://lastfm.freetls.fastly.net/i/u/300x300/2a96cbd8b46e442fc41c2b86b821562f.png', 'size': 'mega'}]"
Sabrina Carpenter,602081594,3116539,https://www.last.fm/music/Sabrina+Carpenter,0,"[{'#text': 'https://lastfm.freetls.fastly.net/i/u/34s/2a96cbd8b46e442fc41c2b86b821562f.png', 'size': 'small'}, {'#text': 'https://lastfm.freetls.fastly.net/i/u/64s/2a96cbd8b46e442fc41c2b86b821562f.png', 'size': 'medium'}, {'#text': 'https://lastfm.freetls.fastly.net/i/u/174s/2a96cbd8b46e442fc41c2b86b821562f.png', 'size': 'large'}, {'#text': 'https://lastfm.freetls.fastly.net/i/u/300x300/2a96cbd8b46e442fc41c2b86b821562f.png', 'size': 'extralarge'}, {'#text': 'https://lastfm.freetls.fastly.net/i/u/300x300/2a96cbd8b46e442fc41c2b86b821562f.png', 'size': 'mega'}]"
Bruno Mars,276264034,5073753,https://www.last.fm/music/Bruno+Mars,0,"[{'#text': 'https://lastfm.freetls.fastly.net/i/u/34s/2a96cbd8b46e442fc41c2b86b821562f.png', 'size': 'small'}, {'#text': 'https://lastfm.freetls.fastly.net/i/u/64s/2a96cbd8b46e442fc41c2b86b821562f.png', 'size': 'medium'}, {'#text': 'https://lastfm.freetls.fastly.net/i/u/174s/2a96cbd8b46e442fc41c2b86b821562f.png', 'size': 'large'}, {'#text': 'https://lastfm.freetls.fastly.net/i/u/300x300/2a96cbd8b46e442fc41c2b86b821562f.png', 'size': 'extralarge'}, {'#text': 'https://lastfm.freetls.fastly.net/i/u/300x300/2a96cbd8b46e442fc41c2b86b821562f.png', 'size': 'mega'}]"
Lana Del Rey,1515685837,5122067,https://www.last.fm/music/Lana+Del+Rey,0,"[{'#text': 'https://lastfm.freetls.fastly.net/i/u/34s/2a96cbd8b46e442fc41c2b86b821562f.png', 'size': 'small'}, {'#text': 'https://lastfm.freetls.fastly.net/i/u/64s/2a96cbd8b46e442fc41c2b86b821562f.png', 'size': 'medium'}, {'#text': 'https://lastfm.freetls.fastly.net/i/u/174s/2a96cbd8b46e442fc41c2b86b821562f.png', 'size': 'large'}, {'#text': 'https://lastfm.freetls.fastly.net/i/u/300x300/2a96cbd8b46e442fc41c2b86b821562f.png', 'size': 'extralarge'}, {'#text': 'https://lastfm.freetls.fastly.net/i/u/300x300/2a96cbd8b46e442fc41c2b86b821562f.png', 'size': 'mega'}]"
PinkPantheress,283129404,2808237,https://www.last.fm/music/PinkPantheress,0,"[{'#text': 'https://lastfm.freetls.fastly.net/i/u/34s/2a96cbd8b46e442fc41c2b86b821562f.png', 'size': 'small'}, {'#text': 'https://lastfm.freetls.fastly.net/i/u/64s/2a96cbd8b46e442fc41c2b86b821562f.png', 'size': 'medium'}, {'#text': 'https://lastfm.freetls.fastly.net/i/u/174s/2a96cbd8b46e442fc41c2b86b821562f.png', 'size': 'large'}, {'#text': 'https://lastfm.freetls.fastly.net/i/u/300x300/2a96cbd8b46e442fc41c2b86b821562f.png', 'size': 'extralarge'}, {'#text': 'https://lastfm.freetls.fastly.net/i/u/300x300/2a96cbd8b46e442fc41c2b86b821562f.png', 'size': 'mega'}]"
Billie Eilish,799621267,4100810,https://www.last.fm/music/Billie+Eilish,0,"[{'#text': 'https://lastfm.freetls.fastly.net/i/u/34s/2a96cbd8b46e442fc41c2b86b821562f.png', 'size': 'small'}, {'#text': 'https://lastfm.freetls.fastly.net/i/u/64s/2a96cbd8b46e442fc41c2b86b821562f.png', 'size': 'medium'}, {'#text': 'https://lastfm.freetls.fastly.net/i/u/174s/2a96cbd8b46e442fc41c2b86b821562f.png', 'size': 'large'}, {'#text': 'https://lastfm.freetls.fastly.net/i/u/300x300/2a96cbd8b46e442fc41c2b86b821562f.png', 'size': 'extralarge'}, {'#text': 'https://lastfm.freetls.fastly.net/i/u/300x300/2a96cbd8b46e442fc41c2b86b821562f.png', 'size': 'mega'}]"
Arctic Monkeys,905149411,6953748,https://www.last.fm/music/Arctic+Monkeys,0,"[{'#text': 'https://lastfm.freetls.fastly.net/i/u/34s/2a96cbd8b46e442fc41c2b86b821562f.png', 'size': 'small'}, {'#text': 'https://lastfm.freetls.fastly.net/i/u/64s/2a96cbd8b46e442fc41c2b86b821562f.png', 'size': 'medium'}, {'#text': 'https://lastfm.freetls.fastly.net/i/u/174s/2a96cbd8b46e442fc41c2b86b821562f.png', 'size': 'large'}, {'#text': 'https://lastfm.freetls.fastly.net/i/u/300x300/2a96cbd8b46e442fc41c2b86b821562f.png', 'size': 'extralarge'}, {'#text': 'https://lastfm.freetls.fastly.net/i/u/300x300/2a96cbd8b46e442fc41c2b86b821562f.png', 'size': 'mega'}]"
Tame Impala,386725793,4119633,https://www.last.fm/music/Tame+Impala,0,"[{'#text': 'https://lastfm.freetls.fastly.net/i/u/34s/2a96cbd8b46e442fc41c2b86b821562f.png', 'size': 'small'}, {'#text': 'https://lastfm.freetls.fastly.net/i/u/64s/2a96cbd8b46e442fc41c2b86b821562f.png', 'size': 'medium'}, {'#text': 'https://lastfm.freetls.fastly.net/i/u/174s/2a96cbd8b46e442fc41c2b86b821562f.png', 'size': 'large'}, {'#text': 'https://lastfm.freetls.fastly.net/i/u/300x300/2a96cbd8b46e442fc41c2b86b821562f.png', 'size': 'extralarge'}, {'#text': 'https://lastfm.freetls.fastly.net/i/u/300x300/2a96cbd8b46e442fc41c2b86b821562f.png', 'size': 'mega'}]"
Frank Ocean,744374096,4142583,https://www.last.fm/music/Frank+Ocean,0,"[{'#text': 'https://lastfm.freetls.fastly.net/i/u/34s/2a96cbd8b46e442fc41c2b86b821562f.png', 'size': 'small'}, {'#text': 'https://lastfm.freetls.fastly.net/i/u/64s/2a96cbd8b46e442fc41c2b86b821562f.png', 'size': 'medium'}, {'#text': 'https://lastfm.freetls.fastly.net/i/u/174s/2a96cbd8b46e442fc41c2b86b821562f.png', 'size': 'large'}, {'#text': 'https://lastfm.freetls.fastly.net/i/u/300x300/2a96cbd8b46e442fc41c2b86b821562f.png', 'size': 'extralarge'}, {'#text': 'https://lastfm.freetls.fastly.net/i/u/300x300/2a96cbd8b46e442fc41c2b86b821562f.png', 'size': 'mega'}]"
Paramore,559830668,5495170,https://www.last.fm/music/Paramore,0,"[{'#text': 'https://lastfm.freetls.fastly.net/i/u/34s/2a96cbd8b46e442fc41c2b86b821562f.png', 'size': 'small'}, {'#text': 'https://lastfm.freetls.fastly.net/i/u/64s/2a96cbd8b46e442fc41c2b86b821562f.png', 'size': 'medium'}, {'#text': 'https://lastfm.freetls.fastly.net/i/u/174s/2a96cbd8b46e442fc41c2b86b821562f.png', 'size': 'large'}, {'#text': 'https://lastfm.freetls.fastly.net/i/u/300x300/2a96cbd8b46e442fc41c2b86b821562f.png', 'size': 'extralarge'}, {'#text': 'https://lastfm.freetls.fastly.net/i/u/300x300/2a96cbd8b46e442fc41c2b86b821562f.png', 'size': 'mega'}]"
Gorillaz,490969388,6714858,https://www.last.fm/music/Gorillaz,0,"[{'#text': 'https://lastfm.freetls.fastly.net/i/u/34s/2a96cbd8b46e442fc41c2b86b821562f.png', 'size': 'small'}, {'#text': 'https://lastfm.freetls.fastly.net/i/u/64s/2a96cbd8b46e442fc41c2b86b821562f.png', 'size': 'medium'}, {'#text': 'https://lastfm.freetls.fastly.net/i/u/174s/2a96cbd8b46e442fc41c2b86b821562f.png', 'size': 'large'}, {'#text': 'https://lastfm.freetls.fastly.net/i/u/300x300/2a96cbd8b46e442fc41c2b86b821562f.png', 'size': 'extralarge'}, {'#text': 'https://lastfm.freetls.fastly.net/i/u/300x300/2a96cbd8b46e442fc41c2b86b821562f.png', 'size': 'mega'}]"
Doja Cat,445474493,3506746,https://www.last.fm/music/Doja+Cat,0,"[{'#text': 'https://lastfm.freetls.fastly.net/i/u/34s/2a96cbd8b46e442fc41c2b86b821562f.png', 'size': 'small'}, {'#text': 'https://lastfm.freetls.fastly.net/i/u/64s/2a96cbd8b46e442fc41c2b86b821562f.png', 'size': 'medium'}, {'#text': 'https://lastfm.freetls.fastly.net/i/u/174s/2a96cbd8b46e442fc41c2b86b821562f.png', 'size': 'large'}, {'#text': 'https://lastfm.freetls.fastly.net/i/u/300x300/2a96cbd8b46e442fc41c2b86b821562f.png', 'size': 'extralarge'}, {'#text': 'https://lastfm.freetls.fastly.net/i/u/300x300/2a96cbd8b46e442fc41c2b86b821562f.png', 'size': 'mega'}]"
Mitski,624450711,3141578,https://www.last.fm/music/Mitski,0,"[{'#text': 'https://lastfm.freetls.fastly.net/i/u/34s/2a96cbd8b46e442fc41c2b86b821562f.png', 'size': 'small'}, {'#text': 'https://lastfm.freetls.fastly.net/i/u/64s/2a96cbd8b46e442fc41c2b86b821562f.png', 'size': 'medium'}, {'#text': 'https://lastfm.freetls.fastly.net/i/u/174s/2a96cbd8b46e442fc41c2b86b821562f.png', 'size': 'large'}, {'#text': 'https://lastfm.freetls.fastly.net/i/u/300x300/2a96cbd8b46e442fc41c2b86b821562f.png', 'size': 'extralarge'}, {'#text': 'https://lastfm.freetls.fastly.net/i/u/300x300/2a96cbd8b46e442fc41c2b86b821562f.png', 'size': 'mega'}]"
Justin Bieber,303118900,4643901,https://www.last.fm/music/Justin+Bieber,0,"[{'#text': 'https://lastfm.freetls.fastly.net/i/u/34s/2a96cbd8b46e442fc41c2b86b821562f.png', 'size': 'small'}, {'#text': 'https://lastfm.freetls.fastly.net/i/u/64s/2a96cbd8b46e442fc41c2b86b821562f.png', 'size': 'medium'}, {'#text': 'https://lastfm.freetls.fastly.net/i/u/174s/2a96cbd8b46e442fc41c2b86b821562f.png', 'size': 'large'}, {'#text': 'https://lastfm.freetls.fastly.net/i/u/300x300/2a96cbd8b46e442fc41c2b86b821562f.png', 'size': 'extralarge'}, {'#text': 'https://lastfm.freetls.fastly.net/i/u/300x300/2a96cbd8b46e442fc41c2b86b821562f.png', 'size': 'mega'}]"
Fleetwood Mac,281359320,4750138,https://www.last.fm/music/Fleetwood+Mac,0,"[{'#text': 'https://lastfm.freetls.fastly.net/i/u/34s/2a96cbd8b46e442fc41c2b86b821562f.png', 'size': 'small'}, {'#text': 'https://lastfm.freetls.fastly.net/i/u/64s/2a96cbd8b46e442fc41c2b86b821562f.png', 'size': 'medium'}, {'#text': 'https://lastfm.freetls.fastly.net/i/u/174s/2a96cbd8b46e442fc41c2b86b821562f.png', 'size': 'large'}, {'#text': 'https://lastfm.freetls.fastly.net/i/u/300x300/2a96cbd8b46e442fc41c2b86b821562f.png', 'size': 'extralarge'}, {'#text': 'https://lastfm.freetls.fastly.net/i/u/300x300/2a96cbd8b46e442fc41c2b86b821562f.png', 'size': 'mega'}]"
The Smiths,516608347,4941571,https://www.last.fm/music/The+Smiths,0,"[{'#text': 'https://lastfm.freetls.fastly.net/i/u/34s/2a96cbd8b46e442fc41c2b86b821562f.png', 'size': 'small'}, {'#text': 'https://lastfm.freetls.fastly.net/i/u/64s/2a96cbd8b46e442fc41c2b86b821562f.png', 'size': 'medium'}, {'#text': 'https://lastfm.freetls.fastly.net/i/u/174s/2a96cbd8b46e442fc41c2b86b821562f.png', 'size': 'large'}, {'#text': 'https://lastfm.freetls.fastly.net/i/u/300x300/2a96cbd8b46e442fc41c2b86b821562f.png', 'size': 'extralarge'}, {'#text': 'https://lastfm.freetls.fastly.net/i/u/300x300/2a96cbd8b46e442fc41c2b86b821562f.png', 'size': 'mega'}]"
Deftones,538048798,4108928,https://www.last.fm/music/Deftones,0,"[{'#text': 'https://lastfm.freetls.fastly.net/i/u/34s/2a96cbd8b46e442fc41c2b86b821562f.png', 'size': 'small'}, {'#text': 'https://lastfm.freetls.fastly.net/i/u/64s/2a96cbd8b46e442fc41c2b86b821562f.png', 'size': 'medium'}, {'#text': 'https://lastfm.freetls.fastly.net/i/u/174s/2a96cbd8b46e442fc41c2b86b821562f.png', 'size': 'large'}, {'#text': 'https://lastfm.freetls.fastly.net/i/u/300x300/2a96cbd8b46e442fc41c2b86b821562f.png', 'size': 'extralarge'}, {'#text': 'https://lastfm.freetls.fastly.net/i/u/300x300/2a96cbd8b46e442fc41c2b86b821562f.png', 'size': 'mega'}]"
Travis Scott,656581525,3238917,https://www.last.fm/music/Travis+Scott,0,"[{'#text': 'https://lastfm.freetls.fastly.net/i/u/34s/2a96cbd8b46e442fc41c2b86b821562f.png', 'size': 'small'}, {'#text': 'https://lastfm.freetls.fastly.net/i/u/64s/2a96cbd8b46e442fc41c2b86b821562f.png', 'size': 'medium'}, {'#text': 'https://lastfm.freetls.fastly.net/i/u/174s/2a96cbd8b46e442fc41c2b86b821562f.png', 'size': 'large'}, {'#text': 'https://lastfm.freetls.fastly.net/i/u/300x300/2a96cbd8b46e442fc41c2b86b821562f.png', 'size': 'extralarge'}, {'#text': 'https://lastfm.freetls.fastly.net/i/u/300x300/2a96cbd8b46e442fc41c2b86b821562f.png', 'size': 'mega'}]"
Chappell Roan,313783599,2455782,https://www.last.fm/music/Chappell+Roan,0,"[{'#text': 'https://lastfm.freetls.fastly.net/i/u/34s/2a96cbd8b46e442fc41c2b86b821562f.png', 'size': 'small'}, {'#text': 'https://lastfm.freetls.fastly.net/i/u/64s/2a96cbd8b46e442fc41c2b86b821562f.png', 'size': 'medium'}, {'#text': 'https://lastfm.freetls.fastly.net/i/u/174s/2a96cbd8b46e442fc41c2b86b821562f.png', 'size': 'large'}, {'#text': 'https://lastfm.freetls.fastly.net/i/u/300x300/2a96cbd8b46e442fc41c2b86b821562f.png', 'size': 'extralarge'}, {'#text': 'https://lastfm.freetls.fastly.net/i/u/300x300/2a96cbd8b46e442fc41c2b86b821562f.png', 'size': 'mega'}]"
Linkin Park,712648082,6797079,https://www.last.fm/music/Linkin+Park,0,"[{'#text': 'https://lastfm.freetls.fastly.net/i/u/34s/2a96cbd8b46e442fc41c2b86b821562f.png', 'size': 'small'}, {'#text': 'https://lastfm.freetls.fastly.net/i/u/64s/2a96cbd8b46e442fc41c2b86b821562f.png', 'size': 'medium'}, {'#text': 'https://lastfm.freetls.fastly.net/i/u/174s/2a96cbd8b46e442fc41c2b86b821562f.png', 'size': 'large'}, {'#text': 'https://lastfm.freetls.fastly.net/i/u/300x300/2a96cbd8b46e442fc41c2b86b821562f.png', 'size': 'extralarge'}, {'#text': 'https://lastfm.freetls.fastly.net/i/u/300x300/2a96cbd8b46e442fc41c2b86b821562f.png', 'size': 'mega'}]"
The Neighbourhood,374387065,3830971,https://www.last.fm/music/The+Neighbourhood,0,"[{'#text': 'https://lastfm.freetls.fastly.net/i/u/34s/2a96cbd8b46e442fc41c2b86b821562f.png', 'size': 'small'}, {'#text': 'https://lastfm.freetls.fastly.net/i/u/64s/2a96cbd8b46e442fc41c2b86b821562f.png', 'size': 'medium'}, {'#text': 'https://lastfm.freetls.fastly.net/i/u/174s/2a96cbd8b46e442fc41c2b86b821562f.png', 'size': 'large'}, {'#text': 'https://lastfm.freetls.fastly.net/i/u/300x300/2a96cbd8b46e442fc41c2b86b821562f.png', 'size': 'extralarge'}, {'#text': 'https://lastfm.freetls.fastly.net/i/u/300x300/2a96cbd8b46e442fc41c2b86b821562f.png', 'size': 'mega'}]"
The Marías,212968289,2350454,https://www.last.fm/music/The+Mar%C3%ADas,0,"[{'#text': 'https://lastfm.freetls.fastly.net/i/u/34s/2a96cbd8b46e442fc41c2b86b821562f.png', 'size': 'small'}, {'#text': 'https://lastfm.freetls.fastly.net/i/u/64s/2a96cbd8b46e442fc41c2b86b821562f.png', 'size': 'medium'}, {'#text': 'https://lastfm.freetls.fastly.net/i/u/174s/2a96cbd8b46e442fc41c2b86b821562f.png', 'size': 'large'}, {'#text': 'https://lastfm.freetls.fastly.net/i/u/300x300/2a96cbd8b46e442fc41c2b86b821562f.png', 'size': 'extralarge'}, {'#text': 'https://lastfm.freetls.fastly.net/i/u/300x300/2a96cbd8b46e442fc41c2b86b821562f.png', 'size': 'mega'}]"
Coldplay,766143958,8955488,https://www.last.fm/music/Coldplay,0,"[{'#text': 'https://lastfm.freetls.fastly.net/i/u/34s/2a96cbd8b46e442fc41c2b86b821562f.png', 'size': 'small'}, {'#text': 'https://lastfm.freetls.fastly.net/i/u/64s/2a96cbd8b46e442fc41c2b86b821562f.png', 'size': 'medium'}, {'#text': 'https://lastfm.freetls.fastly.net/i/u/174s/2a96cbd8b46e442fc41c2b86b821562f.png', 'size': 'large'}, {'#text': 'https://lastfm.freetls.fastly.net/i/u/300x300/2a96cbd8b46e442fc41c2b86b821562f.png', 'size': 'extralarge'}, {'#text': 'https://lastfm.freetls.fastly.net/i/u/300x300/2a96cbd8b46e442fc41c2b86b821562f.png', 'size': 'mega'}]"
SZA,565902590,3396366,https://www.last.fm/music/SZA,0,"[{'#text': 'https://lastfm.freetls.fastly.net/i/u/34s/2a96cbd8b46e442fc41c2b86b821562f.png', 'size': 'small'}, {'#text': 'https://lastfm.freetls.fastly.net/i/u/64s/2a96cbd8b46e442fc41c2b86b821562f.png', 'size': 'medium'}, {'#text': 'https://lastfm.freetls.fastly.net/i/u/174s/2a96cbd8b46e442fc41c2b86b821562f.png', 'size': 'large'}, {'#text': 'https://lastfm.freetls.fastly.net/i/u/300x300/2a96cbd8b46e442fc41c2b86b821562f.png', 'size': 'extralarge'}, {'#text': 'https://lastfm.freetls.fastly.net/i/u/300x300/2a96cbd8b46e442fc41c2b86b821562f.png', 'size': 'mega'}]"
Playboi Carti,749120525,2403477,https://www.last.fm/music/Playboi+Carti,0,"[{'#text': 'https://lastfm.freetls.fastly.net/i/u/34s/2a96cbd8b46e442fc41c2b86b821562f.png', 'size': 'small'}, {'#text': 'https://lastfm.freetls.fastly.net/i/u/64s/2a96cbd8b46e442fc41c2b86b821562f.png', 'size': 'medium'}, {'#text': 'https://lastfm.freetls.fastly.net/i/u/174s/2a96cbd8b46e442fc41c2b86b821562f.png', 'size': 'large'}, {'#text': 'https://lastfm.freetls.fastly.net/i/u/300x300/2a96cbd8b46e442fc41c2b86b821562f.png', 'size': 'extralarge'}, {'#text': 'https://lastfm.freetls.fastly.net/i/u/300x300/2a96cbd8b46e442fc41c2b86b821562f.png', 'size': 'mega'}]"
Childish Gambino,313104306,3693051,https://www.last.fm/music/Childish+Gambino,0,"[{'#text': 'https://lastfm.freetls.fastly.net/i/u/34s/2a96cbd8b46e442fc41c2b86b821562f.png', 'size': 'small'}, {'#text': 'https://lastfm.freetls.fastly.net/i/u/64s/2a96cbd8b46e442fc41c2b86b821562f.png', 'size': 'medium'}, {'#text': 'https://lastfm.freetls.fastly.net/i/u/174s/2a96cbd8b46e442fc41c2b86b821562f.png', 'size': 'large'}, {'#text': 'https://lastfm.freetls.fastly.net/i/u/300x300/2a96cbd8b46e442fc41c2b86b821562f.png', 'size': 'extralarge'}, {'#text': 'https://lastfm.freetls.fastly.net/i/u/300x300/2a96cbd8b46e442fc41c2b86b821562f.png', 'size': 'mega'}]"
Future,439962468,3129904,https://www.last.fm/music/Future,0,"[{'#text': 'https://lastfm.freetls.fastly.net/i/u/34s/2a96cbd8b46e442fc41c2b86b821562f.png', 'size': 'small'}, {'#text': 'https://lastfm.freetls.fastly.net/i/u/64s/2a96cbd8b46e442fc41c2b86b821562f.png', 'size': 'medium'}, {'#text': 'https://lastfm.freetls.fastly.net/i/u/174s/2a96cbd8b46e442fc41c2b86b821562f.png', 'size': 'large'}, {'#text': 'https://lastfm.freetls.fastly.net/i/u/300x300/2a96cbd8b46e442fc41c2b86b821562f.png', 'size': 'extralarge'}, {'#text': 'https://lastfm.freetls.fastly.net/i/u/300x300/2a96cbd8b46e442fc41c2b86b821562f.png', 'size': 'mega'}]"
Clairo,330533462,2827529,https://www.last.fm/music/Clairo,0,"[{'#text': 'https://lastfm.freetls.fastly.net/i/u/34s/2a96cbd8b46e442fc41c2b86b821562f.png', 'size': 'small'}, {'#text': 'https://lastfm.freetls.fastly.net/i/u/64s/2a96cbd8b46e442fc41c2b86b821562f.png', 'size': 'medium'}, {'#text': 'https://lastfm.freetls.fastly.net/i/u/174s/2a96cbd8b46e442fc41c2b86b821562f.png', 'size': 'large'}, {'#text': 'https://lastfm.freetls.fastly.net/i/u/300x300/2a96cbd8b46e442fc41c2b86b821562f.png', 'size': 'extralarge'}, {'#text': 'https://lastfm.freetls.fastly.net/i/u/300x300/2a96cbd8b46e442fc41c2b86b821562f.png', 'size': 'mega'}]"
Olivia Rodrigo,531981949,2985711,https://www.last.fm/music/Olivia+Rodrigo,0,"[{'#text': 'https://lastfm.freetls.fastly.net/i/u/34s/2a96cbd8b46e442fc41c2b86b821562f.png', 'size': 'small'}, {'#text': 'https://lastfm.freetls.fastly.net/i/u/64s/2a96cbd8b46e442fc41c2b86b821562f.png', 'size': 'medium'}, {'#text': 'https://lastfm.freetls.fastly.net/i/u/174s/2a96cbd8b46e442fc41c2b86b821562f.png', 'size': 'large'}, {'#text': 'https://lastfm.freetls.fastly.net/i/u/300x300/2a96cbd8b46e442fc41c2b86b821562f.png', 'size': 'extralarge'}, {'#text': 'https://lastfm.freetls.fastly.net/i/u/300x300/2a96cbd8b46e442fc41c2b86b821562f.png', 'size': 'mega'}]"
Michael Jackson,336500888,6678467,https://www.last.fm/music/Michael+Jackson,0,"[{'#text': 'https://lastfm.freetls.fastly.net/i/u/34s/2a96cbd8b46e442fc41c2b86b821562f.png', 'size': 'small'}, {'#text': 'https://lastfm.freetls.fastly.net/i/u/64s/2a96cbd8b46e442fc41c2b86b821562f.png', 'size': 'medium'}, {'#text': 'https://lastfm.freetls.fastly.net/i/u/174s/2a96cbd8b46e442fc41c2b86b821562f.png', 'size': 'large'}, {'#text': 'https://lastfm.freetls.fastly.net/i/u/300x300/2a96cbd8b46e442fc41c2b86b821562f.png', 'size': 'extralarge'}, {'#text': 'https://lastfm.freetls.fastly.net/i/u/300x300/2a96cbd8b46e442fc41c2b86b821562f.png', 'size': 'mega'}]"
Lil Uzi Vert,410583353,2642913,https://www.last.fm/music/Lil+Uzi+Vert,0,"[{'#text': 'https://lastfm.freetls.fastly.net/i/u/34s/2a96cbd8b46e442fc41c2b86b821562f.png', 'size': 'small'}, {'#text': 'https://lastfm.freetls.fastly.net/i/u/64s/2a96cbd8b46e442fc41c2b86b821562f.png', 'size': 'medium'}, {'#text': 'https://lastfm.freetls.fastly.net/i/u/174s/2a96cbd8b46e442fc41c2b86b821562f.png', 'size': 'large'}, {'#text': 'https://lastfm.freetls.fastly.net/i/u/300x300/2a96cbd8b46e442fc41c2b86b821562f.png', 'size': 'extralarge'}, {'#text': 'https://lastfm.freetls.fastly.net/i/u/300x300/2a96cbd8b46e442fc41c2b86b821562f.png', 'size': 'mega'}]"
Djo,80321904,2170971,https://www.last.fm/music/Djo,0,"[{'#text': 'https://lastfm.freetls.fastly.net/i/u/34s/2a96cbd8b46e442fc41c2b86b821562f.png', 'size': 'small'}, {'#text': 'https://lastfm.freetls.fastly.net/i/u/64s/2a96cbd8b46e442fc41c2b86b821562f.png', 'size': 'medium'}, {'#text': 'https://lastfm.freetls.fastly.net/i/u/174s/2a96cbd8b46e442fc41c2b86b821562f.png', 'size': 'large'}, {'#text': 'https://lastfm.freetls.fastly.net/i/u/300x300/2a96cbd8b46e442fc41c2b86b821562f.png', 'size': 'extralarge'}, {'#text': 'https://lastfm.freetls.fastly.net/i/u/300x300/2a96cbd8b46e442fc41c2b86b821562f.png', 'size': 'mega'}]"
Zara Larsson,70552152,2053470,https://www.last.fm/music/Zara+Larsson,0,"[{'#text': 'https://lastfm.freetls.fastly.net/i/u/34s/2a96cbd8b46e442fc41c2b86b821562f.png', 'size': 'small'}, {'#text': 'https://lastfm.freetls.fastly.net/i/u/64s/2a96cbd8b46e442fc41c2b86b821562f.png', 'size': 'medium'}, {'#text': 'https://lastfm.freetls.fastly.net/i/u/174s/2a96cbd8b46e442fc41c2b86b821562f.png', 'size': 'large'}, {'#text': 'https://lastfm.freetls.fastly.net/i/u/300x300/2a96cbd8b46e442fc41c2b86b821562f.png', 'size': 'extralarge'}, {'#text': 'https://lastfm.freetls.fastly.net/i/u/300x300/2a96cbd8b46e442fc41c2b86b821562f.png', 'size': 'mega'}]"
TV Girl,274268148,2729466,https://www.last.fm/music/TV+Girl,0,"[{'#text': 'https://lastfm.freetls.fastly.net/i/u/34s/2a96cbd8b46e442fc41c2b86b821562f.png', 'size': 'small'}, {'#text': 'https://lastfm.freetls.fastly.net/i/u/64s/2a96cbd8b46e442fc41c2b86b821562f.png', 'size': 'medium'}, {'#text': 'https://lastfm.freetls.fastly.net/i/u/174s/2a96cbd8b46e442fc41c2b86b821562f.png', 'size': 'large'}, {'#text': 'https://lastfm.freetls.fastly.net/i/u/300x300/2a96cbd8b46e442fc41c2b86b821562f.png', 'size': 'extralarge'}, {'#text': 'https://lastfm.freetls.fastly.net/i/u/300x300/2a96cbd8b46e442fc41c2b86b821562f.png', 'size': 'mega'}]"
Beyoncé,677352488,6274691,https://www.last.fm/music/Beyonc%C3%A9,0,"[{'#text': 'https://lastfm.freetls.fastly.net/i/u/34s/2a96cbd8b46e442fc41c2b86b821562f.png', 'size': 'small'}, {'#text': 'https://lastfm.freetls.fastly.net/i/u/64s/2a96cbd8b46e442fc41c2b86b821562f.png', 'size': 'medium'}, {'#text': 'https://lastfm.freetls.fastly.net/i/u/174s/2a96cbd8b46e442fc41c2b86b821562f.png', 'size': 'large'}, {'#text': 'https://lastfm.freetls.fastly.net/i/u/300x300/2a96cbd8b46e442fc41c2b86b821562f.png', 'size': 'extralarge'}, {'#text': 'https://lastfm.freetls.fastly.net/i/u/300x300/2a96cbd8b46e442fc41c2b86b821562f.png', 'size': 'mega'}]"
Harry Styles,392239199,3123524,https://www.last.fm/music/Harry+Styles,0,"[{'#text': 'https://lastfm.freetls.fastly.net/i/u/34s/2a96cbd8b46e442fc41c2b86b821562f.png', 'size': 'small'}, {'#text': 'https://lastfm.freetls.fastly.net/i/u/64s/2a96cbd8b46e442fc41c2b86b821562f.png', 'size': 'medium'}, {'#text': 'https://lastfm.freetls.fastly.net/i/u/174s/2a96cbd8b46e442fc41c2b86b821562f.png', 'size': 'large'}, {'#text': 'https://lastfm.freetls.fastly.net/i/u/300x300/2a96cbd8b46e442fc41c2b86b821562f.png', 'size': 'extralarge'}, {'#text': 'https://lastfm.freetls.fastly.net/i/u/300x300/2a96cbd8b46e442fc41c2b86b821562f.png', 'size': 'mega'}]"
Nirvana,564469773,7400403,https://www.last.fm/music/Nirvana,0,"[{'#text': 'https://lastfm.freetls.fastly.net/i/u/34s/2a96cbd8b46e442fc41c2b86b821562f.png', 'size': 'small'}, {'#text': 'https://lastfm.freetls.fastly.net/i/u/64s/2a96cbd8b46e442fc41c2b86b821562f.png', 'size': 'medium'}, {'#text': 'https://lastfm.freetls.fastly.net/i/u/174s/2a96cbd8b46e442fc41c2b86b821562f.png', 'size': 'large'}, {'#text': 'https://lastfm.freetls.fastly.net/i/u/300x300/2a96cbd8b46e442fc41c2b86b821562f.png', 'size': 'extralarge'}, {'#text': 'https://lastfm.freetls.fastly.net/i/u/300x300/2a96cbd8b46e442fc41c2b86b821562f.png', 'size': 'mega'}]"
Tate McRae,255722919,2172110,https://www.last.fm/music/Tate+McRae,0,"[{'#text': 'https://lastfm.freetls.fastly.net/i/u/34s/2a96cbd8b46e442fc41c2b86b821562f.png', 'size': 'small'}, {'#text': 'https://lastfm.freetls.fastly.net/i/u/64s/2a96cbd8b46e442fc41c2b86b821562f.png', 'size': 'medium'}, {'#text': 'https://lastfm.freetls.fastly.net/i/u/174s/2a96cbd8b46e442fc41c2b86b821562f.png', 'size': 'large'}, {'#text': 'https://lastfm.freetls.fastly.net/i/u/300x300/2a96cbd8b46e442fc41c2b86b821562f.png', 'size': 'extralarge'}, {'#text': 'https://lastfm.freetls.fastly.net/i/u/300x300/2a96cbd8b46e442fc41c2b86b821562f.png', 'size': 'mega'}]"
Lorde,427989531,3634103,https://www.last.fm/music/Lorde,0,"[{'#text': 'https://lastfm.freetls.fastly.net/i/u/34s/2a96cbd8b46e442fc41c2b86b821562f.png', 'size': 'small'}, {'#text': 'https://lastfm.freetls.fastly.net/i/u/64s/2a96cbd8b46e442fc41c2b86b821562f.png', 'size': 'medium'}, {'#text': 'https://lastfm.freetls.fastly.net/i/u/174s/2a96cbd8b46e442fc41c2b86b821562f.png', 'size': 'large'}, {'#text': 'https://lastfm.freetls.fastly.net/i/u/300x300/2a96cbd8b46e442fc41c2b86b821562f.png', 'size': 'extralarge'}, {'#text': 'https://lastfm.freetls.fastly.net/i/u/300x300/2a96cbd8b46e442fc41c2b86b821562f.png', 'size': 'mega'}]"
